user_id,first_name,last_name,email,username,phone_number
1,Kevon,Ccomini,kccomini0@posterous.com,kccomini0,972-921-8166
2,Augusta,Crix,acrix1@arizona.edu,acrix1,595-428-6605
3,Marcella,Spinola,mspinola2@un.org,mspinola2,165-209-4554
4,Iosep,Baily,ibaily3@huffingtonpost.com,ibaily3,891-841-6260
5,Margareta,Vickerstaff,mvickerstaff4@time.com,mvickerstaff4,356-911-0398
6,Maximilian,Kirgan,mkirgan5@wp.com,mkirgan5,543-281-2249
7,Rance,Jewis,rjewis6@artisteer.com,rjewis6,546-460-7714
8,Ilyssa,Watkiss,iwatkiss7@reference.com,iwatkiss7,332-327-1117
9,Silvie,Hovard,shovard8@yolasite.com,shovard8,237-148-4289
10,Gaylor,Surgison,gsurgison9@arstechnica.com,gsurgison9,520-424-3312
11,Ignatius,Gatrill,igatrilla@disqus.com,igatrilla,734-841-3246
12,Herta,Basile,hbasileb@barnesandnoble.com,hbasileb,717-100-3226
13,Annadiana,Bilofsky,abilofskyc@example.com,abilofskyc,669-122-4037
14,Lilas,Pindred,lpindredd@storify.com,lpindredd,592-840-5239
15,Lawrence,Filler,lfillere@theguardian.com,lfillere,305-110-2401
16,Atlante,Tudball,atudballf@yolasite.com,atudballf,636-848-1476
17,Candie,Lasty,clastyg@nifty.com,clastyg,412-761-2619
18,Jeffy,Shaddock,jshaddockh@forbes.com,jshaddockh,987-173-3411
19,Valentijn,Marriott,vmarriotti@vistaprint.com,vmarriotti,718-795-1518
20,Frederich,Primrose,fprimrosej@xrea.com,fprimrosej,230-854-3659
21,Carmela,Roe,croek@delicious.com,croek,481-114-9608
22,Tandie,Willishire,twillishirel@cyberchimps.com,twillishirel,171-912-6854
23,Clerissa,Skeggs,cskeggsm@toplist.cz,cskeggsm,344-667-7452
24,Simona,Woofendell,swoofendelln@un.org,swoofendelln,682-151-6886
25,Stanleigh,Yeabsley,syeabsleyo@yelp.com,syeabsleyo,678-716-2021
26,Langston,Rottcher,lrottcherp@google.cn,lrottcherp,338-560-8843
27,Darren,Van Der Weedenburg,dvanderweedenburgq@mac.com,dvanderweedenburgq,732-486-9971
28,Zoe,Fidge,zfidger@google.com.au,zfidger,513-345-3892
29,Eleanor,Stewartson,estewartsons@163.com,estewartsons,401-161-1697
30,Mae,Woolliams,mwoolliamst@usatoday.com,mwoolliamst,427-591-5788
31,Tami,O' Mulderrig,tomulderrigu@reuters.com,tomulderrigu,443-157-9833
32,Bret,De Gouy,bdegouyv@earthlink.net,bdegouyv,104-310-6798
33,Ilyse,Balloch,iballochw@domainmarket.com,iballochw,635-566-9022
34,Flory,Bebis,fbebisx@digg.com,fbebisx,338-233-5862
35,Idell,Gerrell,igerrelly@cbc.ca,igerrelly,995-627-9617
36,Helena,Yankin,hyankinz@a8.net,hyankinz,673-791-0308
37,Allayne,Titcomb,atitcomb10@reference.com,atitcomb10,813-149-2604
38,Gwenni,Hradsky,ghradsky11@odnoklassniki.ru,ghradsky11,672-429-7385
39,Alberik,Calverley,acalverley12@uiuc.edu,acalverley12,824-371-8087
40,Desdemona,Bonaire,dbonaire13@mail.ru,dbonaire13,478-217-5772
41,Nanine,Loveridge,nloveridge14@aol.com,nloveridge14,709-494-1035
42,Jaine,Gurnell,jgurnell15@vimeo.com,jgurnell15,820-920-0015
43,Annie,Dumelow,adumelow16@amazon.co.uk,adumelow16,316-720-1537
44,Vassili,Gegay,vgegay17@sogou.com,vgegay17,356-735-7451
45,Arnoldo,Staniford,astaniford18@imgur.com,astaniford18,481-998-6516
46,Ladonna,Cortese,lcortese19@google.pl,lcortese19,756-268-9391
47,Honey,Bison,hbison1a@xing.com,hbison1a,209-881-8895
48,Ivonne,Howat,ihowat1b@edublogs.org,ihowat1b,185-816-0880
49,Ichabod,Ciotto,iciotto1c@whitehouse.gov,iciotto1c,872-777-4236
50,Belia,Ablott,bablott1d@blog.com,bablott1d,474-645-8467
51,Arch,Dimeloe,adimeloe1e@cdc.gov,adimeloe1e,877-685-0132
52,Rowe,Marquis,rmarquis1f@comsenz.com,rmarquis1f,448-386-5855
53,Brinn,Brentnall,bbrentnall1g@independent.co.uk,bbrentnall1g,802-744-5518
54,Fina,Smelley,fsmelley1h@prnewswire.com,fsmelley1h,917-598-5017
55,Hollis,Galsworthy,hgalsworthy1i@tinypic.com,hgalsworthy1i,650-199-9414
56,Jule,Lothean,jlothean1j@ebay.co.uk,jlothean1j,864-263-8091
57,Tore,Longhirst,tlonghirst1k@hc360.com,tlonghirst1k,419-288-7255
58,Magnum,Ionnidis,mionnidis1l@jigsy.com,mionnidis1l,566-936-2561
59,Vincent,Brosi,vbrosi1m@hud.gov,vbrosi1m,721-463-1258
60,Faustina,Riep,friep1n@guardian.co.uk,friep1n,469-418-4865
61,Chryste,Bayly,cbayly1o@tiny.cc,cbayly1o,487-850-2403
62,Sandy,Noir,snoir1p@salon.com,snoir1p,931-836-3787
63,Freddi,Comelini,fcomelini1q@jugem.jp,fcomelini1q,525-185-5712
64,Vannie,Ratter,vratter1r@reference.com,vratter1r,196-680-1599
65,Waldemar,Pietroni,wpietroni1s@latimes.com,wpietroni1s,684-485-4738
66,Bridget,Small,bsmall1t@quantcast.com,bsmall1t,541-589-5910
67,Caitlin,Gennrich,cgennrich1u@army.mil,cgennrich1u,212-514-3542
68,Francesca,Bonde,fbonde1v@51.la,fbonde1v,501-406-8701
69,Banky,Bindon,bbindon1w@ox.ac.uk,bbindon1w,680-447-5510
70,Jamey,Allingham,jallingham1x@123-reg.co.uk,jallingham1x,109-964-3916
71,Otis,Trineman,otrineman1y@foxnews.com,otrineman1y,467-849-8601
72,Nikolaos,Cresswell,ncresswell1z@reuters.com,ncresswell1z,627-811-7086
73,Laney,Knowlson,lknowlson20@narod.ru,lknowlson20,258-214-1200
74,Salomi,Rosbottom,srosbottom21@bandcamp.com,srosbottom21,511-586-7326
75,Evanne,Corby,ecorby22@meetup.com,ecorby22,702-789-4361
76,Radcliffe,Izkovici,rizkovici23@about.me,rizkovici23,715-120-9694
77,Ekaterina,Nunnerley,enunnerley24@flavors.me,enunnerley24,254-283-5730
78,Tome,Olle,tolle25@spotify.com,tolle25,641-928-7264
79,Piggy,Bougourd,pbougourd26@gmpg.org,pbougourd26,760-544-2502
80,Helge,Deerness,hdeerness27@feedburner.com,hdeerness27,145-303-8226
81,Conant,Guillon,cguillon28@instagram.com,cguillon28,296-984-8009
82,Aurel,McIlory,amcilory29@csmonitor.com,amcilory29,943-119-9187
83,Aaren,Avent,aavent2a@discovery.com,aavent2a,458-845-5472
84,Lucho,Newens,lnewens2b@uol.com.br,lnewens2b,916-772-9500
85,Melitta,Trubshawe,mtrubshawe2c@ehow.com,mtrubshawe2c,435-219-1656
86,Paulette,Rundall,prundall2d@360.cn,prundall2d,561-118-2364
87,Inger,Udy,iudy2e@gnu.org,iudy2e,895-290-0073
88,Genvieve,Chettle,gchettle2f@ox.ac.uk,gchettle2f,867-457-9986
89,Tom,Cookley,tcookley2g@si.edu,tcookley2g,830-312-8412
90,Carol,Miles,cmiles2h@shutterfly.com,cmiles2h,318-688-1962
91,Rustie,Coode,rcoode2i@taobao.com,rcoode2i,917-539-0559
92,Prudi,Darwin,pdarwin2j@businessweek.com,pdarwin2j,430-397-1160
93,Krystle,Battlestone,kbattlestone2k@fotki.com,kbattlestone2k,892-826-0340
94,Mose,Cust,mcust2l@smh.com.au,mcust2l,695-427-8614
95,Natty,Jori,njori2m@tripadvisor.com,njori2m,505-221-6660
96,Shela,Possell,spossell2n@vkontakte.ru,spossell2n,383-898-2860
97,Colly,Choldcroft,ccholdcroft2o@omniture.com,ccholdcroft2o,876-482-3335
98,Athene,Bengle,abengle2p@sphinn.com,abengle2p,168-158-0814
99,Leonora,Whitebread,lwhitebread2q@163.com,lwhitebread2q,885-163-2873
100,Myrvyn,Alberti,malberti2r@businessinsider.com,malberti2r,289-923-4153
101,Charline,Aireton,caireton2s@geocities.jp,caireton2s,960-375-9718
102,Sada,Tabourin,stabourin2t@ycombinator.com,stabourin2t,953-195-9411
103,Pauline,Renshall,prenshall2u@w3.org,prenshall2u,377-570-6788
104,Kienan,Killshaw,kkillshaw2v@lycos.com,kkillshaw2v,934-390-7354
105,Vinita,Robeson,vrobeson2w@unicef.org,vrobeson2w,577-671-4320
106,Elissa,Clift,eclift2x@wired.com,eclift2x,283-266-2015
107,Josey,Pickavance,jpickavance2y@over-blog.com,jpickavance2y,120-351-4594
108,Wallie,Arnowicz,warnowicz2z@apple.com,warnowicz2z,206-929-2051
109,Wolf,Dumbleton,wdumbleton30@wufoo.com,wdumbleton30,150-143-9407
110,Barnard,Tuck,btuck31@friendfeed.com,btuck31,673-432-0345
111,Darn,Putt,dputt32@hhs.gov,dputt32,833-707-4793
112,Bourke,Pirdue,bpirdue33@last.fm,bpirdue33,728-347-4740
113,Farlay,Lusgdin,flusgdin34@army.mil,flusgdin34,204-908-1033
114,Lavina,McIlwreath,lmcilwreath35@youtube.com,lmcilwreath35,717-469-2388
115,Kaylee,Tothacot,ktothacot36@bloomberg.com,ktothacot36,911-214-8806
116,Worthy,Bogart,wbogart37@google.com.au,wbogart37,594-218-6535
117,Alessandro,Jansik,ajansik38@lulu.com,ajansik38,757-725-6593
118,Drona,Blowfelde,dblowfelde39@vinaora.com,dblowfelde39,498-748-7921
119,Perkin,McIlvenna,pmcilvenna3a@cdc.gov,pmcilvenna3a,180-453-3111
120,Josiah,Piercy,jpiercy3b@ycombinator.com,jpiercy3b,664-570-5350
121,Sunny,Baudic,sbaudic3c@joomla.org,sbaudic3c,266-167-1717
122,Verina,Riatt,vriatt3d@youtube.com,vriatt3d,404-320-7695
123,Selestina,Feuell,sfeuell3e@nba.com,sfeuell3e,890-214-5768
124,Kellby,Vinter,kvinter3f@dropbox.com,kvinter3f,881-765-0258
125,Giacopo,Beadon,gbeadon3g@about.me,gbeadon3g,919-887-1107
126,Dov,Doncom,ddoncom3h@chronoengine.com,ddoncom3h,598-726-7097
127,Vidovik,Milton-White,vmiltonwhite3i@smugmug.com,vmiltonwhite3i,953-706-6435
128,Neal,Petrak,npetrak3j@fc2.com,npetrak3j,793-511-7416
129,Joannes,Arton,jarton3k@epa.gov,jarton3k,942-763-7431
130,Friedrick,Coverlyn,fcoverlyn3l@wired.com,fcoverlyn3l,137-873-2323
131,Willi,Chiechio,wchiechio3m@kickstarter.com,wchiechio3m,824-778-5029
132,Moises,Sidery,msidery3n@symantec.com,msidery3n,120-362-1751
133,Mercy,Cawcutt,mcawcutt3o@sitemeter.com,mcawcutt3o,248-102-3135
134,Abigale,Cleynaert,acleynaert3p@unesco.org,acleynaert3p,875-634-4106
135,Dannie,Scramage,dscramage3q@google.ca,dscramage3q,953-907-5070
136,Selia,Stading,sstading3r@google.pl,sstading3r,540-476-2648
137,Kai,Renzullo,krenzullo3s@mediafire.com,krenzullo3s,425-359-9287
138,Findlay,Glasscock,fglasscock3t@spotify.com,fglasscock3t,975-877-1652
139,Willi,Mouth,wmouth3u@de.vu,wmouth3u,829-643-7634
140,Levin,Condie,lcondie3v@facebook.com,lcondie3v,926-903-5948
141,Odette,Normavill,onormavill3w@networkadvertising.org,onormavill3w,340-462-8401
142,Carrie,Evemy,cevemy3x@jigsy.com,cevemy3x,557-853-5671
143,Cazzie,Sucre,csucre3y@barnesandnoble.com,csucre3y,786-725-2106
144,Bill,Gunter,bgunter3z@theglobeandmail.com,bgunter3z,747-535-5176
145,Padraig,Linner,plinner40@fema.gov,plinner40,850-142-5735
146,Ermentrude,Brevetor,ebrevetor41@xinhuanet.com,ebrevetor41,807-368-3565
147,Lissy,Spear,lspear42@jigsy.com,lspear42,519-644-1205
148,Geoffrey,Chritchley,gchritchley43@ihg.com,gchritchley43,211-517-4732
149,Samson,Gannon,sgannon44@google.fr,sgannon44,312-444-6615
150,Darius,MacColl,dmaccoll45@ning.com,dmaccoll45,991-598-0113
151,Leland,McCorley,lmccorley46@hostgator.com,lmccorley46,558-262-4851
152,Cyndy,Cundy,ccundy47@reuters.com,ccundy47,722-419-1254
153,Chiquita,Gilling,cgilling48@1und1.de,cgilling48,790-415-1254
154,Celina,Wainer,cwainer49@gov.uk,cwainer49,826-727-8898
155,Thayne,Good,tgood4a@360.cn,tgood4a,131-809-7174
156,Glennis,Van Haeften,gvanhaeften4b@ning.com,gvanhaeften4b,864-862-5242
157,Jody,Skittrell,jskittrell4c@mozilla.org,jskittrell4c,603-746-7854
158,Hyman,Romanetti,hromanetti4d@deviantart.com,hromanetti4d,198-754-5414
159,Natty,Kamenar,nkamenar4e@columbia.edu,nkamenar4e,189-683-8795
160,Nanine,Ellery,nellery4f@sitemeter.com,nellery4f,494-898-0027
161,Ali,Manach,amanach4g@buzzfeed.com,amanach4g,309-837-5224
162,Loria,Possa,lpossa4h@deliciousdays.com,lpossa4h,729-218-0380
163,Arabele,Naptine,anaptine4i@bloomberg.com,anaptine4i,488-836-1128
164,Rosella,Scarse,rscarse4j@dailymail.co.uk,rscarse4j,783-462-7005
165,Waverly,Gorrissen,wgorrissen4k@last.fm,wgorrissen4k,121-974-2531
166,Horatio,Muccino,hmuccino4l@bloomberg.com,hmuccino4l,815-113-1460
167,Diarmid,Haddrill,dhaddrill4m@trellian.com,dhaddrill4m,579-146-4155
168,Gerik,Thomsson,gthomsson4n@google.de,gthomsson4n,880-781-3450
169,Ajay,Purse,apurse4o@house.gov,apurse4o,667-384-4317
170,Ryan,Angliss,rangliss4p@addtoany.com,rangliss4p,513-562-7555
171,Jasen,Rebanks,jrebanks4q@usgs.gov,jrebanks4q,259-716-3873
172,Genny,McNeely,gmcneely4r@google.com.br,gmcneely4r,944-493-9835
173,Wilmer,Barks,wbarks4s@linkedin.com,wbarks4s,874-554-1282
174,Hymie,Dilger,hdilger4t@marriott.com,hdilger4t,807-803-9785
175,Jamie,De Lacey,jdelacey4u@homestead.com,jdelacey4u,877-513-3446
176,Rice,Reading,rreading4v@ca.gov,rreading4v,715-652-7867
177,Jere,Balderstone,jbalderstone4w@reference.com,jbalderstone4w,733-289-0125
178,Urson,Hedden,uhedden4x@nature.com,uhedden4x,807-655-5615
179,Lanae,Gregs,lgregs4y@live.com,lgregs4y,846-271-9237
180,Elisabet,Fownes,efownes4z@nsw.gov.au,efownes4z,563-500-5691
181,Cortie,Casement,ccasement50@shareasale.com,ccasement50,235-353-6187
182,Tom,Duplock,tduplock51@wisc.edu,tduplock51,512-745-0327
183,Donny,Britney,dbritney52@usa.gov,dbritney52,470-936-6502
184,Eward,Ungaretti,eungaretti53@hatena.ne.jp,eungaretti53,527-431-8148
185,Katie,Bofield,kbofield54@newyorker.com,kbofield54,812-717-6384
186,Pascale,Cinelli,pcinelli55@feedburner.com,pcinelli55,130-406-3217
187,Brenda,Abrahm,babrahm56@seattletimes.com,babrahm56,668-619-7121
188,Moe,Jeaycock,mjeaycock57@sogou.com,mjeaycock57,266-564-4404
189,Audrey,Hitter,ahitter58@businessweek.com,ahitter58,327-334-9195
190,Barnabas,Addekin,baddekin59@istockphoto.com,baddekin59,686-235-4457
191,Anet,Amesbury,aamesbury5a@ed.gov,aamesbury5a,266-319-2048
192,Findlay,Braxay,fbraxay5b@tinypic.com,fbraxay5b,301-131-2774
193,Kelcy,Dobey,kdobey5c@godaddy.com,kdobey5c,241-191-7917
194,Kevina,Tamburo,ktamburo5d@fda.gov,ktamburo5d,547-997-3881
195,Jo,Hughes,jhughes5e@npr.org,jhughes5e,780-967-7223
196,Celestyna,Pierton,cpierton5f@dmoz.org,cpierton5f,715-638-3240
197,Patricia,Langlands,planglands5g@surveymonkey.com,planglands5g,230-426-4809
198,Niccolo,Hillam,nhillam5h@ifeng.com,nhillam5h,929-614-8566
199,Farr,Salvador,fsalvador5i@mtv.com,fsalvador5i,500-258-8789
200,Cherida,Norwell,cnorwell5j@archive.org,cnorwell5j,608-394-5918
201,Neddy,Canario,ncanario5k@springer.com,ncanario5k,138-113-1271
202,Cornelius,Vereker,cvereker5l@slashdot.org,cvereker5l,210-868-0891
203,Rab,Dorre,rdorre5m@mediafire.com,rdorre5m,659-745-0535
204,Carlo,Yashunin,cyashunin5n@51.la,cyashunin5n,340-399-1384
205,Kissie,Trustie,ktrustie5o@irs.gov,ktrustie5o,688-454-9115
206,Leola,Le Brom,llebrom5p@cnbc.com,llebrom5p,882-379-0551
207,Harbert,Croisdall,hcroisdall5q@youku.com,hcroisdall5q,306-812-9459
208,Blythe,Oakshott,boakshott5r@rediff.com,boakshott5r,578-425-3303
209,Novelia,Blumire,nblumire5s@weebly.com,nblumire5s,590-513-5656
210,Zachery,Rockall,zrockall5t@wikipedia.org,zrockall5t,761-313-9674
211,Rodge,Warrilow,rwarrilow5u@aol.com,rwarrilow5u,951-254-6969
212,Angil,Ruppertz,aruppertz5v@1und1.de,aruppertz5v,732-335-7151
213,Maye,Obispo,mobispo5w@npr.org,mobispo5w,524-828-0369
214,Alane,Grugerr,agrugerr5x@acquirethisname.com,agrugerr5x,716-194-7258
215,Anne-marie,Schwand,aschwand5y@examiner.com,aschwand5y,238-565-5889
216,Jade,Stuckford,jstuckford5z@over-blog.com,jstuckford5z,223-593-5507
217,Loise,Ingreda,lingreda60@deliciousdays.com,lingreda60,793-717-2166
218,Loreen,Weild,lweild61@ted.com,lweild61,395-494-0764
219,Bern,McCarty,bmccarty62@dagondesign.com,bmccarty62,687-890-1604
220,Guido,Cutmore,gcutmore63@cafepress.com,gcutmore63,195-455-0598
221,Noelle,Lorentz,nlorentz64@opera.com,nlorentz64,235-351-3152
222,Bailie,Murkitt,bmurkitt65@princeton.edu,bmurkitt65,831-700-6883
223,Jilli,Naisbitt,jnaisbitt66@google.com,jnaisbitt66,732-562-6969
224,Alameda,Witchard,awitchard67@baidu.com,awitchard67,830-684-4777
225,Gilbert,Cullinan,gcullinan68@sina.com.cn,gcullinan68,904-389-0921
226,Hannah,Roft,hroft69@barnesandnoble.com,hroft69,352-359-8080
227,Kettie,Barz,kbarz6a@ibm.com,kbarz6a,570-199-0922
228,Feliza,Kaman,fkaman6b@alexa.com,fkaman6b,798-751-8870
229,Teodorico,Olin,tolin6c@lycos.com,tolin6c,364-621-3590
230,Jessi,Freckelton,jfreckelton6d@wp.com,jfreckelton6d,223-179-8185
231,Budd,Rubinov,brubinov6e@zimbio.com,brubinov6e,969-769-5285
232,Gayelord,Tainton,gtainton6f@live.com,gtainton6f,415-771-7190
233,Iormina,Orwin,iorwin6g@sitemeter.com,iorwin6g,964-286-5442
234,Earlie,Chrstine,echrstine6h@theglobeandmail.com,echrstine6h,738-773-8347
235,Dimitri,Grimbaldeston,dgrimbaldeston6i@biblegateway.com,dgrimbaldeston6i,198-640-1784
236,Alisun,Martinson,amartinson6j@so-net.ne.jp,amartinson6j,938-494-6669
237,Leoine,Pindell,lpindell6k@engadget.com,lpindell6k,250-891-6694
238,Auguste,Woodfield,awoodfield6l@posterous.com,awoodfield6l,583-552-8813
239,Farrell,Rotham,frotham6m@qq.com,frotham6m,503-899-3888
240,Sergio,Lissaman,slissaman6n@reference.com,slissaman6n,464-448-7330
241,Andriana,Skyram,askyram6o@arizona.edu,askyram6o,201-114-6376
242,Justinian,Croke,jcroke6p@upenn.edu,jcroke6p,651-918-0790
243,Loralee,Hailston,lhailston6q@pinterest.com,lhailston6q,755-617-2559
244,Philip,Escritt,pescritt6r@nytimes.com,pescritt6r,448-334-6240
245,Ella,Jendrach,ejendrach6s@businesswire.com,ejendrach6s,920-713-3018
246,Eal,Aizikov,eaizikov6t@linkedin.com,eaizikov6t,103-187-7577
247,Jilly,Chalkly,jchalkly6u@mit.edu,jchalkly6u,848-904-6405
248,Wilmette,Webben,wwebben6v@accuweather.com,wwebben6v,141-110-5256
249,Teodoor,Gansbuhler,tgansbuhler6w@mozilla.com,tgansbuhler6w,955-987-0328
250,Horton,Aiskovitch,haiskovitch6x@bbc.co.uk,haiskovitch6x,106-188-8348
251,Torie,Whiterod,twhiterod6y@freewebs.com,twhiterod6y,281-274-8614
252,Mallory,McMorran,mmcmorran6z@weebly.com,mmcmorran6z,842-682-9988
253,Stanton,Milberry,smilberry70@altervista.org,smilberry70,978-542-7887
254,Dalt,Grenshields,dgrenshields71@youtube.com,dgrenshields71,691-943-8823
255,Raul,Neem,rneem72@wp.com,rneem72,776-650-3452
256,Zandra,Tewkesberry,ztewkesberry73@nature.com,ztewkesberry73,590-631-2342
257,Ellen,Metcalf,emetcalf74@nih.gov,emetcalf74,878-900-6100
258,Annadiane,Fasson,afasson75@icio.us,afasson75,782-396-3116
259,Daniele,Ewer,dewer76@phpbb.com,dewer76,771-804-1332
260,Cary,Pothecary,cpothecary77@google.co.jp,cpothecary77,190-722-7880
261,Althea,Nern,anern78@nasa.gov,anern78,709-336-4550
262,Rayna,Lillyman,rlillyman79@un.org,rlillyman79,961-364-6643
263,Yehudi,Adrain,yadrain7a@phoca.cz,yadrain7a,300-923-0856
264,Rhody,Whilder,rwhilder7b@mozilla.org,rwhilder7b,424-893-8789
265,Ariel,Janczyk,ajanczyk7c@hc360.com,ajanczyk7c,519-285-8295
266,Jourdan,Ordidge,jordidge7d@qq.com,jordidge7d,281-416-8591
267,Ruperto,Muslim,rmuslim7e@state.tx.us,rmuslim7e,446-566-0549
268,Costanza,Taylot,ctaylot7f@wisc.edu,ctaylot7f,965-703-1330
269,Bette-ann,Zamora,bzamora7g@free.fr,bzamora7g,295-572-9470
270,Yurik,Artharg,yartharg7h@nature.com,yartharg7h,569-458-7111
271,Prudi,Gelly,pgelly7i@gizmodo.com,pgelly7i,900-883-6958
272,Stefano,Murphy,smurphy7j@blogtalkradio.com,smurphy7j,289-969-1426
273,Gerick,Buff,gbuff7k@fastcompany.com,gbuff7k,964-503-0299
274,Cristin,Ourtic,courtic7l@ezinearticles.com,courtic7l,724-367-3313
275,Clemente,Van Driel,cvandriel7m@boston.com,cvandriel7m,316-435-7694
276,Alethea,Murdie,amurdie7n@sun.com,amurdie7n,675-704-3485
277,Lennard,Dany,ldany7o@alibaba.com,ldany7o,719-322-8995
278,Gordy,Ferroli,gferroli7p@mediafire.com,gferroli7p,346-546-8932
279,Zonnya,Murray,zmurray7q@hugedomains.com,zmurray7q,945-598-9398
280,Karlis,Beakes,kbeakes7r@ocn.ne.jp,kbeakes7r,506-549-4418
281,Kimberli,Anthonies,kanthonies7s@nationalgeographic.com,kanthonies7s,170-909-9569
282,Wash,Bruckenthal,wbruckenthal7t@amazon.de,wbruckenthal7t,981-765-9944
283,Nev,Rodolphe,nrodolphe7u@ovh.net,nrodolphe7u,119-730-3773
284,Nonie,Vertey,nvertey7v@ustream.tv,nvertey7v,265-811-3698
285,Augusto,Lilleman,alilleman7w@meetup.com,alilleman7w,906-642-6671
286,Dottie,Sarfat,dsarfat7x@ameblo.jp,dsarfat7x,341-793-6588
287,Lyndell,Spyby,lspyby7y@yelp.com,lspyby7y,447-998-7667
288,Christian,Piccop,cpiccop7z@istockphoto.com,cpiccop7z,946-152-4348
289,Kati,Osmar,kosmar80@state.tx.us,kosmar80,837-956-7533
290,Wittie,Vedeneev,wvedeneev81@theglobeandmail.com,wvedeneev81,711-758-7815
291,Nadine,Cater,ncater82@discuz.net,ncater82,536-582-7987
292,Imelda,Ernshaw,iernshaw83@salon.com,iernshaw83,567-544-3429
293,Julee,Cregan,jcregan84@barnesandnoble.com,jcregan84,259-601-0984
294,Alic,Glashby,aglashby85@statcounter.com,aglashby85,541-643-5478
295,Rickie,Cornew,rcornew86@springer.com,rcornew86,773-614-6733
296,Guillermo,Adamovsky,gadamovsky87@boston.com,gadamovsky87,834-120-4158
297,Arabella,Todaro,atodaro88@ft.com,atodaro88,481-512-3526
298,Meggy,Maletratt,mmaletratt89@theguardian.com,mmaletratt89,199-708-9990
299,Barby,Sam,bsam8a@examiner.com,bsam8a,339-437-6661
300,Obie,Lygoe,olygoe8b@smugmug.com,olygoe8b,865-327-0684
301,Franni,Kersey,fkersey8c@hubpages.com,fkersey8c,623-660-0853
302,Maison,Bentame,mbentame8d@bravesites.com,mbentame8d,661-964-7798
303,Christin,Phebee,cphebee8e@pbs.org,cphebee8e,170-610-0124
304,Boyd,Sweeny,bsweeny8f@g.co,bsweeny8f,874-842-9503
305,Camellia,Greenaway,cgreenaway8g@hexun.com,cgreenaway8g,615-394-9066
306,Jeffrey,Northcliffe,jnorthcliffe8h@livejournal.com,jnorthcliffe8h,749-460-1498
307,Brooke,Gillions,bgillions8i@cpanel.net,bgillions8i,521-856-8311
308,Roxanne,Geck,rgeck8j@alibaba.com,rgeck8j,134-731-7274
309,Jaquelyn,Rabbage,jrabbage8k@cbsnews.com,jrabbage8k,842-880-3150
310,Wilona,Vaszoly,wvaszoly8l@bloglovin.com,wvaszoly8l,922-887-2343
311,Katey,Neiland,kneiland8m@linkedin.com,kneiland8m,825-571-6358
312,Pierson,Brandenburg,pbrandenburg8n@un.org,pbrandenburg8n,707-824-1027
313,Marla,Gallahue,mgallahue8o@youtube.com,mgallahue8o,935-192-9247
314,Marcelle,Todhunter,mtodhunter8p@miibeian.gov.cn,mtodhunter8p,917-401-4286
315,Tabor,FitzGibbon,tfitzgibbon8q@free.fr,tfitzgibbon8q,188-694-7062
316,Fey,Maddyson,fmaddyson8r@google.com.br,fmaddyson8r,196-865-6700
317,Vinson,Lovegrove,vlovegrove8s@nba.com,vlovegrove8s,553-554-9621
318,Rozanne,Foli,rfoli8t@simplemachines.org,rfoli8t,570-267-7475
319,Paloma,Stenbridge,pstenbridge8u@lycos.com,pstenbridge8u,596-316-8791
320,Bonita,Roalfe,broalfe8v@irs.gov,broalfe8v,816-645-9959
321,Viviene,Ibbeson,vibbeson8w@parallels.com,vibbeson8w,438-924-1492
322,Rem,Keeley,rkeeley8x@amazon.co.jp,rkeeley8x,613-535-8402
323,Dru,Gillie,dgillie8y@networksolutions.com,dgillie8y,695-639-6525
324,Britni,Girardeau,bgirardeau8z@altervista.org,bgirardeau8z,511-849-9195
325,Bogart,McCrackem,bmccrackem90@gnu.org,bmccrackem90,602-572-7442
326,Lanni,Fullick,lfullick91@geocities.com,lfullick91,663-167-1825
327,Grant,Sidden,gsidden92@desdev.cn,gsidden92,226-403-4718
328,Gillian,Turfitt,gturfitt93@hexun.com,gturfitt93,783-509-3345
329,Gunar,Widdocks,gwiddocks94@google.ru,gwiddocks94,196-596-0158
330,Melody,Hacun,mhacun95@columbia.edu,mhacun95,796-937-2221
331,Trudey,Pennrington,tpennrington96@free.fr,tpennrington96,867-354-1572
332,Chevalier,Battin,cbattin97@java.com,cbattin97,821-144-0810
333,Correna,Shird,cshird98@flickr.com,cshird98,847-642-8444
334,Reece,Pitford,rpitford99@360.cn,rpitford99,959-510-6977
335,Aldon,Thying,athying9a@purevolume.com,athying9a,642-605-7138
336,Pia,Rowles,prowles9b@amazon.co.jp,prowles9b,335-312-3654
337,Nevin,Fenning,nfenning9c@auda.org.au,nfenning9c,695-506-6275
338,Kipper,Grcic,kgrcic9d@abc.net.au,kgrcic9d,488-320-3794
339,Aurore,Spindler,aspindler9e@abc.net.au,aspindler9e,808-694-4504
340,Dominique,Deme,ddeme9f@google.nl,ddeme9f,234-449-7896
341,Jsandye,Gorstidge,jgorstidge9g@mlb.com,jgorstidge9g,177-722-0777
342,Arlie,Whalley,awhalley9h@acquirethisname.com,awhalley9h,682-164-2257
343,Culver,Angelo,cangelo9i@hostgator.com,cangelo9i,988-518-8070
344,Timoteo,Sherman,tsherman9j@typepad.com,tsherman9j,736-661-9655
345,Adara,Bennell,abennell9k@cbslocal.com,abennell9k,627-556-6008
346,Raffaello,Naulty,rnaulty9l@mac.com,rnaulty9l,361-505-4464
347,Reba,Denman,rdenman9m@stumbleupon.com,rdenman9m,926-367-7311
348,Lesly,Boken,lboken9n@wikispaces.com,lboken9n,646-866-3819
349,Nana,Mackiewicz,nmackiewicz9o@deliciousdays.com,nmackiewicz9o,874-946-8520
350,Wilbert,Seamon,wseamon9p@behance.net,wseamon9p,843-880-2669
351,Tricia,Sturge,tsturge9q@plala.or.jp,tsturge9q,761-174-3555
352,Adan,Coade,acoade9r@boston.com,acoade9r,856-222-4244
353,Cristionna,Chevalier,cchevalier9s@mtv.com,cchevalier9s,620-470-0429
354,Cesar,Maase,cmaase9t@wordpress.com,cmaase9t,754-205-7524
355,Erminia,Algore,ealgore9u@wp.com,ealgore9u,154-283-2601
356,Hernando,Palatini,hpalatini9v@imgur.com,hpalatini9v,725-736-4553
357,Jacobo,Rowberry,jrowberry9w@parallels.com,jrowberry9w,402-553-3011
358,Renault,Axon,raxon9x@noaa.gov,raxon9x,608-332-9649
359,Felisha,Iacovelli,fiacovelli9y@purevolume.com,fiacovelli9y,155-905-0732
360,Layney,Thornley,lthornley9z@infoseek.co.jp,lthornley9z,897-838-5091
361,Dillon,Jennins,djenninsa0@businessweek.com,djenninsa0,248-671-9173
362,Rutherford,Allery,rallerya1@alexa.com,rallerya1,277-782-7183
363,Fara,Varfolomeev,fvarfolomeeva2@google.co.uk,fvarfolomeeva2,121-151-2666
364,Giles,Espadas,gespadasa3@fda.gov,gespadasa3,202-937-0515
365,Tabbi,Redgewell,tredgewella4@skyrock.com,tredgewella4,826-161-0360
366,Jaquelin,Klemps,jklempsa5@sciencedirect.com,jklempsa5,615-534-7414
367,Annabel,Yuill,ayuilla6@statcounter.com,ayuilla6,317-930-4256
368,Tonia,Emerine,temerinea7@google.com.br,temerinea7,942-640-2350
369,Sal,Dooher,sdoohera8@list-manage.com,sdoohera8,103-480-0958
370,Maye,Azema,mazemaa9@dropbox.com,mazemaa9,474-713-5698
371,Regine,Gettone,rgettoneaa@biblegateway.com,rgettoneaa,730-532-4354
372,Damaris,Gawkroge,dgawkrogeab@vimeo.com,dgawkrogeab,781-295-2259
373,Paloma,Rooksby,prooksbyac@booking.com,prooksbyac,668-472-6883
374,Alfons,Brannan,abrannanad@ed.gov,abrannanad,416-803-5084
375,Weidar,Melbourne,wmelbourneae@zimbio.com,wmelbourneae,903-287-2108
376,Ema,Pinhorn,epinhornaf@yelp.com,epinhornaf,796-692-5410
377,Scarlet,Durban,sdurbanag@dagondesign.com,sdurbanag,127-164-8692
378,Pete,Dudenie,pdudenieah@bloglovin.com,pdudenieah,191-471-7524
379,Ludvig,Hurring,lhurringai@berkeley.edu,lhurringai,992-412-1150
380,Alecia,Lurriman,alurrimanaj@ocn.ne.jp,alurrimanaj,295-597-5857
381,Robinia,Maddern,rmaddernak@mapquest.com,rmaddernak,199-479-3320
382,Karen,Sircomb,ksircombal@chicagotribune.com,ksircombal,537-597-5448
383,Hanni,Westmancoat,hwestmancoatam@usa.gov,hwestmancoatam,840-905-4470
384,Hillard,Frankes,hfrankesan@weibo.com,hfrankesan,486-322-1080
385,Brinn,Luisetti,bluisettiao@bluehost.com,bluisettiao,817-738-5811
386,Elinore,Abrahamovitz,eabrahamovitzap@redcross.org,eabrahamovitzap,672-871-9274
387,Goldi,Beig,gbeigaq@nymag.com,gbeigaq,930-403-1138
388,Bernetta,Glowacha,bglowachaar@symantec.com,bglowachaar,273-274-2439
389,Jorry,Room,jroomas@mit.edu,jroomas,742-226-2003
390,Orlando,Prettjohn,oprettjohnat@goodreads.com,oprettjohnat,362-261-3910
391,Consuela,Pawsey,cpawseyau@blinklist.com,cpawseyau,215-623-0655
392,Lanny,Loble,llobleav@nhs.uk,llobleav,748-389-4750
393,Bridget,Skillitt,bskillittaw@mediafire.com,bskillittaw,924-224-2097
394,Ambur,Tiffany,atiffanyax@paypal.com,atiffanyax,574-151-8061
395,Spense,Lindeman,slindemanay@github.com,slindemanay,663-943-3243
396,Lothario,Taylo,ltayloaz@ning.com,ltayloaz,456-856-2296
397,Frank,Dzeniskevich,fdzeniskevichb0@webmd.com,fdzeniskevichb0,805-157-9336
398,Nissa,Cronkshaw,ncronkshawb1@wunderground.com,ncronkshawb1,145-643-1513
399,Gwenni,Franzewitch,gfranzewitchb2@devhub.com,gfranzewitchb2,762-528-8863
400,Corinna,Evenett,cevenettb3@dell.com,cevenettb3,819-433-4801
401,Brina,Jedrychowski,bjedrychowskib4@google.es,bjedrychowskib4,255-728-9878
402,Phillida,Habgood,phabgoodb5@51.la,phabgoodb5,562-359-9105
403,Georgie,Weildish,gweildishb6@jigsy.com,gweildishb6,225-862-9610
404,Laurie,Maffia,lmaffiab7@kickstarter.com,lmaffiab7,671-294-7603
405,Budd,Skain,bskainb8@wix.com,bskainb8,707-345-5499
406,Oberon,Stockin,ostockinb9@blog.com,ostockinb9,251-740-9741
407,Bartholomew,McGerr,bmcgerrba@statcounter.com,bmcgerrba,161-113-4621
408,Hilly,MacAlroy,hmacalroybb@odnoklassniki.ru,hmacalroybb,890-729-7442
409,Emelina,Weagener,eweagenerbc@netscape.com,eweagenerbc,430-987-1859
410,Kirstin,Spitell,kspitellbd@dropbox.com,kspitellbd,508-900-4511
411,Gian,Menault,gmenaultbe@globo.com,gmenaultbe,249-491-0259
412,Ninon,Bellin,nbellinbf@whitehouse.gov,nbellinbf,151-995-8559
413,Fabiano,Sheridan,fsheridanbg@about.me,fsheridanbg,553-425-4385
414,Kristine,Schechter,kschechterbh@live.com,kschechterbh,190-561-0659
415,Tammy,De Biasio,tdebiasiobi@nbcnews.com,tdebiasiobi,923-553-0969
416,Cece,Fullerd,cfullerdbj@lycos.com,cfullerdbj,329-840-5657
417,Correy,Mushett,cmushettbk@elpais.com,cmushettbk,128-923-1702
418,Ros,Vedmore,rvedmorebl@nps.gov,rvedmorebl,479-644-2520
419,Osborn,Iwanowski,oiwanowskibm@netvibes.com,oiwanowskibm,968-978-8176
420,Bobbe,Andrzejowski,bandrzejowskibn@dmoz.org,bandrzejowskibn,948-189-7881
421,Bobinette,Sandy,bsandybo@ning.com,bsandybo,373-423-0423
422,Melisa,Tregidgo,mtregidgobp@hexun.com,mtregidgobp,258-501-7078
423,Aubrey,Pegrum,apegrumbq@phpbb.com,apegrumbq,358-966-8351
424,Claire,Yakovliv,cyakovlivbr@amazon.de,cyakovlivbr,751-537-3874
425,Lindsey,Kubis,lkubisbs@businessinsider.com,lkubisbs,201-310-8442
426,Rolf,Moreman,rmoremanbt@theguardian.com,rmoremanbt,677-774-5394
427,Baryram,Kleimt,bkleimtbu@nifty.com,bkleimtbu,721-720-2929
428,Brittaney,Tomkin,btomkinbv@google.it,btomkinbv,898-941-0531
429,Hammad,Trowell,htrowellbw@github.io,htrowellbw,585-123-8909
430,Hermy,Aldis,haldisbx@omniture.com,haldisbx,713-269-3655
431,Roley,Percifull,rpercifullby@xing.com,rpercifullby,109-288-9435
432,Elroy,Cornewall,ecornewallbz@umich.edu,ecornewallbz,495-614-8650
433,Gussy,Leport,gleportc0@youku.com,gleportc0,323-501-2748
434,Hyacinth,Beeken,hbeekenc1@seattletimes.com,hbeekenc1,469-601-2480
435,Shane,Ruggen,sruggenc2@sbwire.com,sruggenc2,514-129-8724
436,Dave,Kennet,dkennetc3@craigslist.org,dkennetc3,330-620-6753
437,Clarita,Bennough,cbennoughc4@photobucket.com,cbennoughc4,257-341-8968
438,Helen,Janous,hjanousc5@google.com.hk,hjanousc5,379-169-8428
439,Gene,Nosworthy,gnosworthyc6@slashdot.org,gnosworthyc6,196-969-8816
440,Sergio,Andreasson,sandreassonc7@vimeo.com,sandreassonc7,296-121-3744
441,Winonah,Gregor,wgregorc8@theglobeandmail.com,wgregorc8,737-648-0169
442,Theo,Thaine,tthainec9@shutterfly.com,tthainec9,656-636-9895
443,Carline,Fanstone,cfanstoneca@japanpost.jp,cfanstoneca,240-481-7720
444,Obadiah,Donke,odonkecb@pen.io,odonkecb,193-267-1819
445,Herby,Ovize,hovizecc@angelfire.com,hovizecc,940-308-9302
446,Gwendolen,Darch,gdarchcd@cam.ac.uk,gdarchcd,728-317-2239
447,Jennifer,Aldins,jaldinsce@guardian.co.uk,jaldinsce,165-228-1109
448,Vaclav,Wewell,vwewellcf@accuweather.com,vwewellcf,142-599-6254
449,Janean,Casa,jcasacg@umn.edu,jcasacg,972-336-8331
450,Rebekkah,Cogman,rcogmanch@51.la,rcogmanch,385-999-5820
451,Cobb,Mathou,cmathouci@virginia.edu,cmathouci,780-156-3496
452,Mitchael,Purvis,mpurviscj@constantcontact.com,mpurviscj,303-206-5247
453,Brew,Josham,bjoshamck@over-blog.com,bjoshamck,713-718-0067
454,Janaye,Kleine,jkleinecl@godaddy.com,jkleinecl,472-944-2127
455,Bran,Gilson,bgilsoncm@nyu.edu,bgilsoncm,178-864-6297
456,Cary,Storton,cstortoncn@digg.com,cstortoncn,236-754-6912
457,Chicky,Proudman,cproudmanco@guardian.co.uk,cproudmanco,196-882-6739
458,Danielle,Ambridge,dambridgecp@reddit.com,dambridgecp,175-155-6570
459,Inigo,Coonan,icoonancq@whitehouse.gov,icoonancq,732-775-0930
460,Orsola,Tommaseo,otommaseocr@ebay.co.uk,otommaseocr,248-513-1168
461,Phil,Cokayne,pcokaynecs@paypal.com,pcokaynecs,194-247-5206
462,Seana,Berntsson,sberntssonct@exblog.jp,sberntssonct,762-425-4341
463,Blaine,Baysting,bbaystingcu@opera.com,bbaystingcu,277-390-0968
464,Ardith,Kearney,akearneycv@facebook.com,akearneycv,370-232-5195
465,Renae,Harken,rharkencw@nbcnews.com,rharkencw,209-771-4673
466,Tiebout,Bernollet,tbernolletcx@oakley.com,tbernolletcx,689-902-5614
467,Anastasia,Done,adonecy@nifty.com,adonecy,507-854-8674
468,Courtnay,Luce,clucecz@google.fr,clucecz,106-603-5956
469,Lexie,Ivushkin,livushkind0@hexun.com,livushkind0,991-383-2162
470,Chaunce,Bramstom,cbramstomd1@google.pl,cbramstomd1,867-447-5984
471,Leland,Brach,lbrachd2@w3.org,lbrachd2,668-672-1492
472,Tilly,Dyett,tdyettd3@ucla.edu,tdyettd3,306-959-5629
473,Rafaelita,Apple,rappled4@google.nl,rappled4,585-349-0157
474,Eberhard,Capponer,ecapponerd5@reuters.com,ecapponerd5,598-253-8228
475,Emelia,Swalwell,eswalwelld6@cbc.ca,eswalwelld6,668-460-1296
476,Marna,Winkle,mwinkled7@bigcartel.com,mwinkled7,890-997-9880
477,Lydon,Connochie,lconnochied8@joomla.org,lconnochied8,127-110-1748
478,Clarisse,Whibley,cwhibleyd9@boston.com,cwhibleyd9,154-304-7453
479,Ceciley,Kobus,ckobusda@digg.com,ckobusda,959-353-1919
480,Wilone,Mathe,wmathedb@ustream.tv,wmathedb,721-360-0106
481,Adaline,Marquese,amarquesedc@feedburner.com,amarquesedc,581-692-4381
482,Aloisia,Ackerman,aackermandd@unblog.fr,aackermandd,245-982-1603
483,Derek,Goldbourn,dgoldbournde@google.pl,dgoldbournde,199-573-4352
484,Donnie,Weyman,dweymandf@sciencedirect.com,dweymandf,609-260-7156
485,Lemar,Butterfint,lbutterfintdg@jiathis.com,lbutterfintdg,208-584-6571
486,Dorie,Popworth,dpopworthdh@webmd.com,dpopworthdh,808-529-6985
487,Antoinette,Bolin,abolindi@ucsd.edu,abolindi,792-982-9851
488,Moselle,Goolding,mgooldingdj@narod.ru,mgooldingdj,589-397-3123
489,Audy,Poacher,apoacherdk@deviantart.com,apoacherdk,772-716-7273
490,Harrietta,Croke,hcrokedl@fema.gov,hcrokedl,259-108-5609
491,Loleta,Louca,lloucadm@google.ca,lloucadm,933-173-6433
492,Staford,Bengough,sbengoughdn@tamu.edu,sbengoughdn,356-916-3398
493,Gaspard,D'Agostini,gdagostinido@sciencedirect.com,gdagostinido,954-536-6506
494,Bertina,McCritichie,bmccritichiedp@godaddy.com,bmccritichiedp,575-905-8728
495,Winonah,Duckels,wduckelsdq@mit.edu,wduckelsdq,791-344-8441
496,Rhys,Harley,rharleydr@addthis.com,rharleydr,916-415-2467
497,Johna,Yersin,jyersinds@amazon.co.jp,jyersinds,876-124-5503
498,Frederique,Robrow,frobrowdt@columbia.edu,frobrowdt,497-214-0330
499,Ilyssa,Ramelet,irameletdu@accuweather.com,irameletdu,998-556-9775
500,Lib,Roberto,lrobertodv@flickr.com,lrobertodv,740-184-0288
501,Davina,Tures,dturesdw@kickstarter.com,dturesdw,714-887-0609
502,Decca,Barrack,dbarrackdx@woothemes.com,dbarrackdx,821-935-8131
503,Albrecht,Jordi,ajordidy@mtv.com,ajordidy,369-186-6797
504,Kristel,Salvage,ksalvagedz@mapy.cz,ksalvagedz,322-722-3900
505,Kelley,Bartram,kbartrame0@seattletimes.com,kbartrame0,345-978-2090
506,Ganny,Johnson,gjohnsone1@ask.com,gjohnsone1,342-514-8658
507,Basil,Kryszka,bkryszkae2@smugmug.com,bkryszkae2,180-769-4195
508,Kaitlyn,Innett,kinnette3@princeton.edu,kinnette3,101-530-5819
509,Bradford,Ugoni,bugonie4@unblog.fr,bugonie4,242-960-8368
510,Bendicty,Merryweather,bmerryweathere5@china.com.cn,bmerryweathere5,273-382-0399
511,Percival,Santon,psantone6@gnu.org,psantone6,464-259-5058
512,Yorker,Stollwerck,ystollwercke7@latimes.com,ystollwercke7,359-233-1979
513,Alina,Khosa,akhosae8@ox.ac.uk,akhosae8,167-824-2328
514,Thaddeus,Legerton,tlegertone9@yahoo.co.jp,tlegertone9,639-541-0384
515,Andrey,Brackenbury,abrackenburyea@biblegateway.com,abrackenburyea,971-796-2162
516,Valeria,Farney,vfarneyeb@examiner.com,vfarneyeb,868-543-7307
517,Jessee,Bendell,jbendellec@bloglines.com,jbendellec,533-980-2426
518,Tabbie,Scandroot,tscandrooted@washingtonpost.com,tscandrooted,352-876-1663
519,Eloise,Hampson,ehampsonee@jimdo.com,ehampsonee,225-241-3871
520,Almeda,Laingmaid,alaingmaidef@hhs.gov,alaingmaidef,345-492-9530
521,Nanni,Di Bernardo,ndibernardoeg@marketwatch.com,ndibernardoeg,852-130-2972
522,Thurstan,Guinn,tguinneh@statcounter.com,tguinneh,841-691-5207
523,Chantalle,Benediktovich,cbenediktovichei@abc.net.au,cbenediktovichei,885-806-2846
524,Rosanne,Mattaus,rmattausej@cbslocal.com,rmattausej,876-808-6275
525,Kurtis,Sherewood,ksherewoodek@amazonaws.com,ksherewoodek,910-825-8024
526,Drake,How to preserve,dhowtopreserveel@intel.com,dhowtopreserveel,597-904-6683
527,Alfonso,Ledner,alednerem@e-recht24.de,alednerem,645-178-6183
528,Leslie,Eykelbosch,leykelboschen@eventbrite.com,leykelboschen,772-615-9915
529,Tab,Grzes,tgrzeseo@usnews.com,tgrzeseo,222-520-6545
530,Mattie,Mudie,mmudieep@cafepress.com,mmudieep,394-751-1911
531,Sande,Mose,smoseeq@miitbeian.gov.cn,smoseeq,878-468-1212
532,Abbi,Quinsee,aquinseeer@fema.gov,aquinseeer,663-833-8342
533,Iona,Vedekhov,ivedekhoves@npr.org,ivedekhoves,742-669-1964
534,Gayle,Torregiani,gtorregianiet@elpais.com,gtorregianiet,316-733-7234
535,Christie,Benedick,cbenedickeu@slashdot.org,cbenedickeu,791-202-2180
536,Pavia,Aked,pakedev@berkeley.edu,pakedev,446-219-6183
537,Jeramey,Stading,jstadingew@thetimes.co.uk,jstadingew,704-357-2995
538,Kelcie,Yakobowitz,kyakobowitzex@networkadvertising.org,kyakobowitzex,610-184-6506
539,Malissa,Durno,mdurnoey@uol.com.br,mdurnoey,447-669-4250
540,Isobel,Furze,ifurzeez@stumbleupon.com,ifurzeez,620-348-8476
541,Drucill,Arnli,darnlif0@furl.net,darnlif0,924-903-2125
542,Elbert,Nassy,enassyf1@springer.com,enassyf1,358-983-1395
543,Maris,Perry,mperryf2@fastcompany.com,mperryf2,614-986-9801
544,Brady,Daventry,bdaventryf3@w3.org,bdaventryf3,477-116-9954
545,Rollin,Garton,rgartonf4@wsj.com,rgartonf4,377-651-3513
546,Osborne,Simmig,osimmigf5@cpanel.net,osimmigf5,221-416-8834
547,Celestia,Wayper,cwayperf6@seesaa.net,cwayperf6,156-445-9492
548,Piper,Krzysztofiak,pkrzysztofiakf7@un.org,pkrzysztofiakf7,400-261-1264
549,Doralynne,Elloy,delloyf8@meetup.com,delloyf8,365-405-5096
550,Cherise,Tarn,ctarnf9@businessinsider.com,ctarnf9,387-832-4391
551,Garvy,Kynett,gkynettfa@gov.uk,gkynettfa,206-118-1022
552,Hewitt,Amner,hamnerfb@army.mil,hamnerfb,848-834-8059
553,Juli,Golland,jgollandfc@behance.net,jgollandfc,181-876-9105
554,Tremaine,Byrkmyr,tbyrkmyrfd@statcounter.com,tbyrkmyrfd,622-530-8905
555,Stavro,Lambswood,slambswoodfe@cbslocal.com,slambswoodfe,585-388-1585
556,Leann,Chesley,lchesleyff@foxnews.com,lchesleyff,960-143-2765
557,Butch,Murrey,bmurreyfg@senate.gov,bmurreyfg,580-863-0830
558,Madelena,Tarr,mtarrfh@dell.com,mtarrfh,376-323-6843
559,Ainsley,Durden,adurdenfi@geocities.jp,adurdenfi,741-572-3203
560,Sax,McReynold,smcreynoldfj@friendfeed.com,smcreynoldfj,412-572-1181
561,Falkner,Shank,fshankfk@ted.com,fshankfk,821-278-9795
562,Shirlee,Arkle,sarklefl@123-reg.co.uk,sarklefl,427-978-2998
563,Barth,Tallant,btallantfm@chicagotribune.com,btallantfm,522-247-8619
564,Lynnelle,Formie,lformiefn@digg.com,lformiefn,496-131-2547
565,Lefty,De Lacey,ldelaceyfo@plala.or.jp,ldelaceyfo,418-562-3347
566,Gretal,Falk,gfalkfp@acquirethisname.com,gfalkfp,790-397-3752
567,Karena,Edrich,kedrichfq@typepad.com,kedrichfq,785-526-6683
568,Charissa,Westoff,cwestofffr@mtv.com,cwestofffr,903-361-9181
569,Jodie,Urvoy,jurvoyfs@irs.gov,jurvoyfs,960-104-7521
570,Aimil,Fielden,afieldenft@cpanel.net,afieldenft,657-540-3782
571,Rori,Larvent,rlarventfu@odnoklassniki.ru,rlarventfu,435-415-9806
572,Sadye,Palle,spallefv@networksolutions.com,spallefv,175-104-3401
573,Bell,Glasscott,bglasscottfw@4shared.com,bglasscottfw,653-364-4367
574,Ericka,Everington,eeveringtonfx@edublogs.org,eeveringtonfx,518-115-9977
575,Merill,Jordanson,mjordansonfy@fema.gov,mjordansonfy,637-576-4165
576,Alexi,Clinning,aclinningfz@macromedia.com,aclinningfz,420-716-4895
577,Alic,Swayton,aswaytong0@bbb.org,aswaytong0,202-215-9888
578,Teddie,Westpfel,twestpfelg1@4shared.com,twestpfelg1,810-586-8106
579,Yehudit,Portigall,yportigallg2@blogtalkradio.com,yportigallg2,260-813-1039
580,Ree,Bradman,rbradmang3@nba.com,rbradmang3,495-815-3486
581,Christie,Ahren,cahreng4@washington.edu,cahreng4,709-125-4798
582,Leonhard,Jevon,ljevong5@utexas.edu,ljevong5,781-755-9357
583,Ches,Spurge,cspurgeg6@sbwire.com,cspurgeg6,441-657-5538
584,Katherina,Conley,kconleyg7@google.nl,kconleyg7,204-719-9756
585,Wini,Onians,woniansg8@symantec.com,woniansg8,568-605-1157
586,Malcolm,Dumbreck,mdumbreckg9@cbsnews.com,mdumbreckg9,535-812-2992
587,Tobe,Scollan,tscollanga@behance.net,tscollanga,943-280-7319
588,Damiano,Fouracres,dfouracresgb@msn.com,dfouracresgb,580-565-3949
589,Bea,Wolfart,bwolfartgc@jugem.jp,bwolfartgc,964-381-6822
590,Bryn,Fussen,bfussengd@devhub.com,bfussengd,627-579-7058
591,Lonnie,Kares,lkaresge@elpais.com,lkaresge,287-858-1719
592,Odelia,Sexstone,osexstonegf@homestead.com,osexstonegf,924-124-9328
593,Hedda,Coppenhall,hcoppenhallgg@cargocollective.com,hcoppenhallgg,218-623-5769
594,Garrot,Nail,gnailgh@bloglovin.com,gnailgh,941-109-0294
595,Lane,Lonsbrough,llonsbroughgi@wiley.com,llonsbroughgi,365-702-2405
596,Esta,Cogswell,ecogswellgj@amazon.com,ecogswellgj,949-391-4920
597,Cleo,Passby,cpassbygk@slate.com,cpassbygk,154-532-7695
598,Dale,Kienl,dkienlgl@ocn.ne.jp,dkienlgl,607-321-9510
599,Pembroke,Draper,pdrapergm@tuttocitta.it,pdrapergm,118-374-2268
600,Dacy,Clingan,dclingangn@slashdot.org,dclingangn,369-548-0100
601,Ashia,Allatt,aallattgo@lulu.com,aallattgo,474-671-8111
602,Kristan,Beckinsall,kbeckinsallgp@sfgate.com,kbeckinsallgp,504-822-7003
603,Phil,Lydall,plydallgq@columbia.edu,plydallgq,535-924-6020
604,Stace,Brunet,sbrunetgr@ed.gov,sbrunetgr,515-315-6721
605,Orsa,Rossant,orossantgs@myspace.com,orossantgs,716-483-3444
606,Janaya,Bassill,jbassillgt@jiathis.com,jbassillgt,558-566-3482
607,Lynda,Bailess,lbailessgu@mail.ru,lbailessgu,484-799-3895
608,Free,Crosfield,fcrosfieldgv@fema.gov,fcrosfieldgv,840-321-2186
609,Ginnie,Winfrey,gwinfreygw@prlog.org,gwinfreygw,726-877-9181
610,Jacky,Dollar,jdollargx@google.cn,jdollargx,431-198-3467
611,Tonye,O'Kenny,tokennygy@cyberchimps.com,tokennygy,296-268-5411
612,Aeriela,Bounds,aboundsgz@ucsd.edu,aboundsgz,222-272-6153
613,Kelly,Schutze,kschutzeh0@blogger.com,kschutzeh0,697-372-7544
614,Renado,Rivilis,rrivilish1@drupal.org,rrivilish1,743-389-7498
615,Adelaida,Fairley,afairleyh2@newsvine.com,afairleyh2,180-345-5923
616,Rip,Jerrome,rjerromeh3@dedecms.com,rjerromeh3,925-856-2585
617,Ricoriki,Greenwood,rgreenwoodh4@ocn.ne.jp,rgreenwoodh4,456-817-2749
618,Rufe,Creek,rcreekh5@hao123.com,rcreekh5,736-672-4303
619,Thoma,Breewood,tbreewoodh6@storify.com,tbreewoodh6,509-947-8109
620,Baryram,Paggitt,bpaggitth7@tiny.cc,bpaggitth7,819-501-7215
621,Kiele,Duplain,kduplainh8@lycos.com,kduplainh8,804-269-2925
622,Hillard,Matthewson,hmatthewsonh9@com.com,hmatthewsonh9,600-275-6658
623,Manny,Ragbourn,mragbournha@upenn.edu,mragbournha,407-568-0030
624,Doy,Clappson,dclappsonhb@comcast.net,dclappsonhb,142-443-9363
625,Borg,Byne,bbynehc@amazon.com,bbynehc,819-756-0601
626,Wynnie,Cavalier,wcavalierhd@purevolume.com,wcavalierhd,990-268-2517
627,Gaylord,Guile,gguilehe@wordpress.org,gguilehe,476-842-6024
628,Candide,Scarce,cscarcehf@mediafire.com,cscarcehf,637-749-3003
629,Edmund,Ferandez,eferandezhg@princeton.edu,eferandezhg,452-426-6083
630,Colby,Brennen,cbrennenhh@amazon.com,cbrennenhh,921-878-4891
631,Ellie,De Mitri,edemitrihi@japanpost.jp,edemitrihi,828-138-6307
632,Ikey,Merwe,imerwehj@vkontakte.ru,imerwehj,170-650-5600
633,Conny,McIntosh,cmcintoshhk@wikipedia.org,cmcintoshhk,583-124-7654
634,Shay,Shoutt,sshoutthl@miibeian.gov.cn,sshoutthl,591-933-6798
635,Gretchen,Ungerechts,gungerechtshm@elpais.com,gungerechtshm,875-786-8447
636,Doralia,Scutter,dscutterhn@miitbeian.gov.cn,dscutterhn,924-572-3049
637,Deena,Lusk,dluskho@youtube.com,dluskho,921-315-4682
638,Emlen,Goodwin,egoodwinhp@amazon.com,egoodwinhp,149-690-3953
639,Corilla,Simond,csimondhq@free.fr,csimondhq,269-430-0949
640,Roddie,Ranscome,rranscomehr@deviantart.com,rranscomehr,325-551-2542
641,Brandise,Fluin,bfluinhs@parallels.com,bfluinhs,615-230-1852
642,Winona,Strothers,wstrothersht@alibaba.com,wstrothersht,125-431-0601
643,Elly,Simoncello,esimoncellohu@google.pl,esimoncellohu,935-323-9281
644,Erminie,Denzey,edenzeyhv@blogspot.com,edenzeyhv,473-100-0299
645,Oralee,Shalcros,oshalcroshw@discuz.net,oshalcroshw,140-752-6473
646,Cahra,Cheek,ccheekhx@indiatimes.com,ccheekhx,304-310-7630
647,Heinrick,Gerault,hgeraulthy@dropbox.com,hgeraulthy,682-107-1541
648,Shaw,Boyett,sboyetthz@china.com.cn,sboyetthz,371-135-5315
649,Cristobal,Abrahmer,cabrahmeri0@google.cn,cabrahmeri0,198-748-4569
650,Dina,Wistance,dwistancei1@dedecms.com,dwistancei1,772-390-9357
651,Ethelred,Lydiate,elydiatei2@ft.com,elydiatei2,706-650-5385
652,Phebe,MacCourt,pmaccourti3@comcast.net,pmaccourti3,623-890-4264
653,Lisle,Abramof,labramofi4@state.tx.us,labramofi4,269-371-8936
654,Rafael,Eginton,regintoni5@devhub.com,regintoni5,327-902-0657
655,Bondon,Teers,bteersi6@amazon.com,bteersi6,346-245-2657
656,Katti,Creagh,kcreaghi7@google.pl,kcreaghi7,119-792-5506
657,Bettine,Chesterton,bchestertoni8@reddit.com,bchestertoni8,375-827-8091
658,Kimbra,Staniland,kstanilandi9@wp.com,kstanilandi9,262-972-0192
659,Aubrey,Yurivtsev,ayurivtsevia@statcounter.com,ayurivtsevia,289-271-9689
660,Justen,O'Hegertie,johegertieib@sogou.com,johegertieib,395-635-4789
661,Janenna,Hirtzmann,jhirtzmannic@usda.gov,jhirtzmannic,223-952-8732
662,Hillyer,Valintine,hvalintineid@samsung.com,hvalintineid,992-945-6342
663,Hurlee,Vlasyuk,hvlasyukie@istockphoto.com,hvlasyukie,780-946-2581
664,Sallyanne,Ehlerding,sehlerdingif@cbsnews.com,sehlerdingif,821-243-7811
665,Rodd,Klampk,rklampkig@msn.com,rklampkig,402-874-0616
666,Evonne,Holston,eholstonih@netvibes.com,eholstonih,658-966-2263
667,Gard,Poytres,gpoytresii@cornell.edu,gpoytresii,183-284-6646
668,Oneida,Hyne,ohyneij@oracle.com,ohyneij,808-720-1376
669,Wandie,Cornelius,wcorneliusik@unc.edu,wcorneliusik,531-538-0635
670,Jay,Tomson,jtomsonil@marriott.com,jtomsonil,224-195-3739
671,Irma,Dyson,idysonim@sitemeter.com,idysonim,494-220-3238
672,Charlotte,Veelers,cveelersin@clickbank.net,cveelersin,422-164-1711
673,Kelcie,Pomeroy,kpomeroyio@oaic.gov.au,kpomeroyio,428-988-6504
674,Mandel,Waltering,mwalteringip@columbia.edu,mwalteringip,161-563-0449
675,Alexandrina,Hallgarth,ahallgarthiq@irs.gov,ahallgarthiq,880-848-2075
676,Darwin,Rudland,drudlandir@creativecommons.org,drudlandir,852-885-1383
677,Audrie,Galton,agaltonis@state.tx.us,agaltonis,704-112-8703
678,Chalmers,McLurg,cmclurgit@hao123.com,cmclurgit,207-216-7110
679,Raffarty,Whiff,rwhiffiu@samsung.com,rwhiffiu,953-569-9393
680,Hoyt,Nend,hnendiv@mail.ru,hnendiv,443-763-5962
681,Tedman,Lintin,tlintiniw@sogou.com,tlintiniw,219-357-2084
682,Natalina,Danskine,ndanskineix@blogs.com,ndanskineix,411-222-9012
683,Garik,Pickring,gpickringiy@huffingtonpost.com,gpickringiy,212-821-9063
684,Walt,Westcott,wwestcottiz@homestead.com,wwestcottiz,800-358-7534
685,Ariela,Dyde,adydej0@goodreads.com,adydej0,477-980-6454
686,Elliott,Rosin,erosinj1@home.pl,erosinj1,613-351-5579
687,Sonny,Sheehy,ssheehyj2@upenn.edu,ssheehyj2,331-762-5730
688,Ringo,Shilstone,rshilstonej3@blogger.com,rshilstonej3,843-612-6015
689,Augustina,Andrey,aandreyj4@taobao.com,aandreyj4,489-522-3395
690,Hermione,Rigbye,hrigbyej5@sitemeter.com,hrigbyej5,978-205-4755
691,Mari,Alldred,malldredj6@pcworld.com,malldredj6,871-890-8298
692,Reeva,Rockwell,rrockwellj7@usa.gov,rrockwellj7,296-119-2005
693,Tobiah,Hairs,thairsj8@dailymotion.com,thairsj8,638-755-6669
694,Felecia,MacKay,fmackayj9@blogtalkradio.com,fmackayj9,340-912-7512
695,Tarrah,Southerns,tsouthernsja@wisc.edu,tsouthernsja,302-520-2299
696,Anet,Bellhanger,abellhangerjb@example.com,abellhangerjb,256-842-1895
697,Belva,Isac,bisacjc@upenn.edu,bisacjc,622-935-9709
698,Torin,Cawkwell,tcawkwelljd@slideshare.net,tcawkwelljd,918-742-0094
699,Christa,Bushen,cbushenje@tamu.edu,cbushenje,579-430-4432
700,Pearce,Thorndale,pthorndalejf@examiner.com,pthorndalejf,410-259-4758
701,Camile,Caslake,ccaslakejg@bbc.co.uk,ccaslakejg,604-731-2336
702,Cally,Lathee,clatheejh@boston.com,clatheejh,488-652-2251
703,Innis,Ascroft,iascroftji@linkedin.com,iascroftji,874-505-0378
704,Hermie,Brockwell,hbrockwelljj@vk.com,hbrockwelljj,522-930-6372
705,Lilly,Reinhart,lreinhartjk@nationalgeographic.com,lreinhartjk,274-341-1585
706,Celia,Zold,czoldjl@newsvine.com,czoldjl,564-124-5190
707,Lucila,Zamora,lzamorajm@cocolog-nifty.com,lzamorajm,507-303-5753
708,Darb,Radmer,dradmerjn@free.fr,dradmerjn,774-280-2884
709,Rina,Richford,rrichfordjo@examiner.com,rrichfordjo,376-956-6580
710,Nan,Chidwick,nchidwickjp@4shared.com,nchidwickjp,307-788-6256
711,Pancho,Ricciardiello,pricciardiellojq@imdb.com,pricciardiellojq,784-817-0680
712,Daryl,Bouller,dboullerjr@jalbum.net,dboullerjr,765-233-0727
713,Mill,Darnell,mdarnelljs@mlb.com,mdarnelljs,632-270-7243
714,Meriel,Dunphie,mdunphiejt@sciencedaily.com,mdunphiejt,155-419-9041
715,Sindee,Tildesley,stildesleyju@reddit.com,stildesleyju,919-392-7041
716,Nikola,Quigg,nquiggjv@arstechnica.com,nquiggjv,556-734-5253
717,Fabiano,Clemmett,fclemmettjw@uiuc.edu,fclemmettjw,457-144-5478
718,Silvano,Dewick,sdewickjx@accuweather.com,sdewickjx,781-429-9909
719,Nellie,Bader,nbaderjy@amazon.com,nbaderjy,478-704-0077
720,Bobbye,Pittaway,bpittawayjz@cbsnews.com,bpittawayjz,393-441-1554
721,Dennison,Fehners,dfehnersk0@bing.com,dfehnersk0,777-511-3106
722,Domingo,Tomczykiewicz,dtomczykiewiczk1@hatena.ne.jp,dtomczykiewiczk1,318-112-5539
723,Fancy,Kurdani,fkurdanik2@aboutads.info,fkurdanik2,975-817-8814
724,Ada,Meriott,ameriottk3@engadget.com,ameriottk3,600-294-7430
725,Marigold,Trustie,mtrustiek4@purevolume.com,mtrustiek4,737-210-1040
726,Zondra,Brelsford,zbrelsfordk5@hugedomains.com,zbrelsfordk5,625-724-9583
727,Chere,Pittendreigh,cpittendreighk6@pen.io,cpittendreighk6,792-376-9524
728,Arvie,Semkins,asemkinsk7@yelp.com,asemkinsk7,971-969-6122
729,Nickolas,Allam,nallamk8@google.ca,nallamk8,844-964-0132
730,Dolph,Micheu,dmicheuk9@alibaba.com,dmicheuk9,113-978-3210
731,Nada,Stothard,nstothardka@networksolutions.com,nstothardka,635-944-7995
732,Jolie,Riddiough,jriddioughkb@npr.org,jriddioughkb,773-326-4434
733,Lind,De Ruggero,lderuggerokc@angelfire.com,lderuggerokc,574-395-7233
734,Lauree,Garmon,lgarmonkd@cocolog-nifty.com,lgarmonkd,274-690-9353
735,Kelsy,McGraw,kmcgrawke@psu.edu,kmcgrawke,165-977-3229
736,Prince,Zoellner,pzoellnerkf@wisc.edu,pzoellnerkf,240-889-7529
737,Kessia,Keneforde,kkenefordekg@google.com,kkenefordekg,687-962-0995
738,Kerry,Garratt,kgarrattkh@ucsd.edu,kgarrattkh,797-177-6850
739,Tobin,Brakewell,tbrakewellki@quantcast.com,tbrakewellki,151-160-8494
740,Bertine,Arger,bargerkj@networksolutions.com,bargerkj,142-873-1247
741,Vanessa,Mulvey,vmulveykk@imageshack.us,vmulveykk,991-528-8970
742,Terence,McAlister,tmcalisterkl@youtube.com,tmcalisterkl,193-168-0403
743,Robb,Rotlauf,rrotlaufkm@wix.com,rrotlaufkm,177-401-4611
744,Jose,Diggens,jdiggenskn@biglobe.ne.jp,jdiggenskn,660-432-8481
745,Colin,Ledwitch,cledwitchko@comsenz.com,cledwitchko,349-100-7430
746,Dorri,Apfel,dapfelkp@meetup.com,dapfelkp,853-870-1381
747,Friederike,Serle,fserlekq@geocities.jp,fserlekq,352-421-6018
748,Steward,Ifill,sifillkr@twitpic.com,sifillkr,875-503-4953
749,Cecilia,Kob,ckobks@simplemachines.org,ckobks,895-235-9239
750,Angil,Ebbings,aebbingskt@abc.net.au,aebbingskt,220-184-0245
751,Chico,Lakey,clakeyku@ustream.tv,clakeyku,201-405-0311
752,Stefanie,Pagram,spagramkv@netscape.com,spagramkv,286-561-5899
753,Elspeth,Chewter,echewterkw@instagram.com,echewterkw,146-792-8353
754,Lesli,Tuxill,ltuxillkx@intel.com,ltuxillkx,400-690-0411
755,Tarra,Geeritz,tgeeritzky@shutterfly.com,tgeeritzky,837-816-2255
756,Lynna,Dreng,ldrengkz@latimes.com,ldrengkz,177-349-6050
757,Jaime,Pardie,jpardiel0@goo.ne.jp,jpardiel0,613-112-4615
758,Judon,Coggell,jcoggelll1@ocn.ne.jp,jcoggelll1,780-227-3229
759,Wallis,Walkey,wwalkeyl2@shinystat.com,wwalkeyl2,818-402-2463
760,Garrard,Jephcote,gjephcotel3@imageshack.us,gjephcotel3,527-815-5218
761,Archibold,Knagges,aknaggesl4@t-online.de,aknaggesl4,237-317-3222
762,Sander,Sturm,ssturml5@japanpost.jp,ssturml5,279-546-0012
763,Estevan,Extall,eextalll6@google.ru,eextalll6,571-830-5758
764,Alexandrina,Crimin,acriminl7@vk.com,acriminl7,743-280-6904
765,Zonda,MacConnel,zmacconnell8@un.org,zmacconnell8,738-380-3608
766,Benji,Artinstall,bartinstalll9@symantec.com,bartinstalll9,548-979-3778
767,Dianna,Duham,dduhamla@opera.com,dduhamla,397-840-8025
768,Nikolaus,Bruhn,nbruhnlb@microsoft.com,nbruhnlb,942-603-2926
769,Michal,McMurray,mmcmurraylc@feedburner.com,mmcmurraylc,652-725-9222
770,Benjamen,Milsom,bmilsomld@cornell.edu,bmilsomld,135-829-1090
771,Gerrie,Edmenson,gedmensonle@eventbrite.com,gedmensonle,134-154-0631
772,Edik,Brisard,ebrisardlf@scientificamerican.com,ebrisardlf,262-632-0480
773,Grant,Deane,gdeanelg@opensource.org,gdeanelg,611-658-2318
774,Jacquette,O'Lennachain,jolennachainlh@economist.com,jolennachainlh,187-973-4702
775,Calhoun,Chichgar,cchichgarli@eepurl.com,cchichgarli,145-127-8634
776,Emmalynne,Penwarden,epenwardenlj@unblog.fr,epenwardenlj,837-696-0011
777,Alden,Cornbill,acornbilllk@amazon.com,acornbilllk,285-790-3914
778,Alaine,O'Henery,aoheneryll@berkeley.edu,aoheneryll,745-138-6559
779,Wilfrid,Hurler,whurlerlm@state.gov,whurlerlm,635-859-8009
780,Allen,Lomis,alomisln@exblog.jp,alomisln,369-503-1871
781,Marigold,Maryin,mmaryinlo@eventbrite.com,mmaryinlo,564-776-7223
782,Herman,Gulvin,hgulvinlp@furl.net,hgulvinlp,282-376-0236
783,Marigold,Kilfeather,mkilfeatherlq@cnet.com,mkilfeatherlq,770-189-9280
784,Gabriel,Libreros,glibreroslr@springer.com,glibreroslr,748-124-7344
785,Tobi,Locard,tlocardls@feedburner.com,tlocardls,843-141-6182
786,Livvyy,Spadotto,lspadottolt@rambler.ru,lspadottolt,597-872-5900
787,Garland,Cartlidge,gcartlidgelu@vinaora.com,gcartlidgelu,597-344-8236
788,Cristine,Foat,cfoatlv@bloomberg.com,cfoatlv,378-114-6932
789,Mic,Livsey,mlivseylw@theatlantic.com,mlivseylw,769-930-0335
790,Tandy,Bahde,tbahdelx@blinklist.com,tbahdelx,258-596-3494
791,Devonna,Ivoshin,divoshinly@hc360.com,divoshinly,827-391-2683
792,Maisie,Heck,mhecklz@multiply.com,mhecklz,491-946-2167
793,Thorny,Gibby,tgibbym0@java.com,tgibbym0,594-690-1391
794,York,Tomisch,ytomischm1@harvard.edu,ytomischm1,753-195-7461
795,Tommy,Ping,tpingm2@creativecommons.org,tpingm2,205-512-3641
796,Viviene,Klezmski,vklezmskim3@baidu.com,vklezmskim3,642-730-7299
797,Tull,Craske,tcraskem4@ameblo.jp,tcraskem4,885-217-9106
798,Grenville,Have,ghavem5@123-reg.co.uk,ghavem5,177-638-2319
799,Hedvig,Gallihaulk,hgallihaulkm6@narod.ru,hgallihaulkm6,444-961-2331
800,Garvey,Backwell,gbackwellm7@gmpg.org,gbackwellm7,696-659-8697
801,Vannie,Morrant,vmorrantm8@indiegogo.com,vmorrantm8,572-826-7609
802,Janene,Barten,jbartenm9@redcross.org,jbartenm9,889-703-5338
803,Randee,Faccini,rfaccinima@exblog.jp,rfaccinima,439-369-3943
804,Aylmer,Brownsett,abrownsettmb@taobao.com,abrownsettmb,352-968-8640
805,Tobiah,Presnail,tpresnailmc@sbwire.com,tpresnailmc,503-759-3184
806,Lotte,Babb,lbabbmd@wix.com,lbabbmd,717-699-1174
807,Patsy,Fyall,pfyallme@nps.gov,pfyallme,352-382-5247
808,Jens,Rochford,jrochfordmf@meetup.com,jrochfordmf,219-639-1552
809,Tirrell,Killeen,tkilleenmg@mashable.com,tkilleenmg,174-807-3141
810,Clo,Watt,cwattmh@ftc.gov,cwattmh,407-907-9551
811,Evanne,Dufaur,edufaurmi@hostgator.com,edufaurmi,666-462-6345
812,Eve,Waterfield,ewaterfieldmj@furl.net,ewaterfieldmj,624-407-1475
813,James,Accombe,jaccombemk@instagram.com,jaccombemk,960-917-3984
814,Horst,Costi,hcostiml@unesco.org,hcostiml,116-373-4043
815,Christi,Hablet,chabletmm@issuu.com,chabletmm,458-873-8174
816,Angelita,Ipsly,aipslymn@w3.org,aipslymn,647-848-5755
817,Bradford,D'Alwis,bdalwismo@altervista.org,bdalwismo,714-907-2908
818,Monte,Bonney,mbonneymp@phpbb.com,mbonneymp,130-339-4852
819,Dulcinea,Giovannazzi,dgiovannazzimq@myspace.com,dgiovannazzimq,212-750-7508
820,Dieter,Starr,dstarrmr@comcast.net,dstarrmr,773-821-3775
821,Derby,Waskett,dwaskettms@auda.org.au,dwaskettms,277-519-0216
822,Heinrik,Pulley,hpulleymt@mozilla.com,hpulleymt,436-697-2654
823,Kendre,Wentworth,kwentworthmu@youku.com,kwentworthmu,793-444-8993
824,August,Fforde,affordemv@yandex.ru,affordemv,903-940-4116
825,Denice,McDougle,dmcdouglemw@auda.org.au,dmcdouglemw,967-943-1620
826,Aviva,Adami,aadamimx@geocities.jp,aadamimx,992-123-4055
827,Gawen,Belitz,gbelitzmy@uiuc.edu,gbelitzmy,698-864-1875
828,Kimberli,Burges,kburgesmz@who.int,kburgesmz,821-351-8900
829,Bartolomeo,Kindleside,bkindlesiden0@arizona.edu,bkindlesiden0,469-732-7826
830,Mignon,Recher,mrechern1@homestead.com,mrechern1,362-889-1042
831,Wyatan,Joule,wjoulen2@list-manage.com,wjoulen2,513-495-5784
832,Mendel,Sproat,msproatn3@indiatimes.com,msproatn3,854-256-3304
833,Ximenes,Rosser,xrossern4@taobao.com,xrossern4,340-176-3534
834,Cher,Ingerith,cingerithn5@oaic.gov.au,cingerithn5,993-676-9094
835,Keslie,Tidgewell,ktidgewelln6@answers.com,ktidgewelln6,898-171-8122
836,Troy,Joret,tjoretn7@friendfeed.com,tjoretn7,529-268-8273
837,Murvyn,Wollard,mwollardn8@apple.com,mwollardn8,388-460-2759
838,Bab,Brashier,bbrashiern9@spiegel.de,bbrashiern9,959-902-6473
839,Illa,Penley,ipenleyna@shutterfly.com,ipenleyna,891-451-0745
840,Georgeta,Blackham,gblackhamnb@jimdo.com,gblackhamnb,205-573-7921
841,Muire,Skunes,mskunesnc@scientificamerican.com,mskunesnc,947-154-8279
842,Allyn,Cromie,acromiend@pbs.org,acromiend,716-718-6653
843,Darell,Sorrill,dsorrillne@google.pl,dsorrillne,735-274-3131
844,Rik,Lanbertoni,rlanbertoninf@163.com,rlanbertoninf,621-977-5605
845,Wiatt,Safont,wsafontng@google.pl,wsafontng,936-252-8144
846,Kaela,Lile,klilenh@tinypic.com,klilenh,403-997-7146
847,Debby,Cole,dcoleni@ibm.com,dcoleni,736-431-3498
848,Zsa zsa,Fullicks,zfullicksnj@diigo.com,zfullicksnj,382-866-2917
849,Homer,Cubbon,hcubbonnk@woothemes.com,hcubbonnk,245-584-3145
850,Walton,Askell,waskellnl@blogs.com,waskellnl,434-508-5841
851,Roxy,Placidi,rplacidinm@163.com,rplacidinm,177-899-9280
852,Ulrike,Wheway,uwhewaynn@wikimedia.org,uwhewaynn,366-767-5535
853,Prudi,Ailward,pailwardno@va.gov,pailwardno,314-389-3725
854,Hadley,Dicte,hdictenp@comsenz.com,hdictenp,599-429-7012
855,Lonnie,Tomaszewski,ltomaszewskinq@nhs.uk,ltomaszewskinq,800-783-3723
856,Casper,Shurlock,cshurlocknr@hexun.com,cshurlocknr,383-544-2629
857,Letizia,Petran,lpetranns@nsw.gov.au,lpetranns,615-176-1115
858,Katee,Butterley,kbutterleynt@msu.edu,kbutterleynt,230-315-5290
859,Theresina,Cannings,tcanningsnu@xing.com,tcanningsnu,851-547-3019
860,Boris,Hannam,bhannamnv@nba.com,bhannamnv,367-620-0338
861,Mano,Wastling,mwastlingnw@yahoo.com,mwastlingnw,736-853-8493
862,Hersh,Kibbe,hkibbenx@wikimedia.org,hkibbenx,409-605-1735
863,Elset,Drynan,edrynanny@psu.edu,edrynanny,578-602-8026
864,Bernarr,Shakesby,bshakesbynz@youku.com,bshakesbynz,249-982-3874
865,Forrester,Glison,fglisono0@goodreads.com,fglisono0,732-858-1484
866,Alvie,Kaming,akamingo1@yahoo.com,akamingo1,732-760-7164
867,Vinny,Fitzpatrick,vfitzpatricko2@bigcartel.com,vfitzpatricko2,527-604-9983
868,Lorin,Greschke,lgreschkeo3@businessweek.com,lgreschkeo3,993-605-2851
869,Rafe,MacGaughie,rmacgaughieo4@jiathis.com,rmacgaughieo4,909-571-8584
870,Alexio,Rushby,arushbyo5@cdbaby.com,arushbyo5,319-755-9166
871,Germana,Stallworth,gstallwortho6@google.com,gstallwortho6,801-295-8472
872,Howard,Coleson,hcolesono7@reddit.com,hcolesono7,779-640-5445
873,Richart,Caddy,rcaddyo8@tumblr.com,rcaddyo8,168-824-8674
874,Tommie,McCane,tmccaneo9@examiner.com,tmccaneo9,106-433-7793
875,Franchot,Jurkiewicz,fjurkiewiczoa@twitpic.com,fjurkiewiczoa,304-930-3853
876,Alberto,Fitzpatrick,afitzpatrickob@stanford.edu,afitzpatrickob,581-341-4340
877,Esma,Burgyn,eburgynoc@mtv.com,eburgynoc,727-504-0974
878,Tally,Servant,tservantod@usda.gov,tservantod,775-384-5648
879,Francine,Cassimer,fcassimeroe@mit.edu,fcassimeroe,660-671-6296
880,Rodolphe,Weavers,rweaversof@elegantthemes.com,rweaversof,108-583-8265
881,Lemuel,MacDermand,lmacdermandog@cdbaby.com,lmacdermandog,555-578-7619
882,Guss,Breacher,gbreacheroh@zimbio.com,gbreacheroh,863-715-4428
883,Valery,Chadbourne,vchadbourneoi@bigcartel.com,vchadbourneoi,694-484-4600
884,Winnah,Face,wfaceoj@google.es,wfaceoj,203-994-4793
885,Phedra,Haughan,phaughanok@hp.com,phaughanok,663-874-2259
886,Orelee,Scamwell,oscamwellol@t-online.de,oscamwellol,720-542-6688
887,Trixi,Martinovsky,tmartinovskyom@nasa.gov,tmartinovskyom,266-796-8751
888,Reiko,Flode,rflodeon@wisc.edu,rflodeon,973-386-2083
889,Kareem,Macer,kmaceroo@vimeo.com,kmaceroo,131-222-9637
890,Thibaut,Wetherill,twetherillop@is.gd,twetherillop,663-665-0578
891,Ashlan,Castrillo,acastrillooq@baidu.com,acastrillooq,920-700-1475
892,Carri,Lambell,clambellor@springer.com,clambellor,989-661-2507
893,Bethina,Maccree,bmaccreeos@linkedin.com,bmaccreeos,915-355-1386
894,Jefferson,Jimmes,jjimmesot@msu.edu,jjimmesot,243-257-9019
895,Peri,Frays,pfraysou@twitter.com,pfraysou,704-969-1819
896,Violetta,Grey,vgreyov@nhs.uk,vgreyov,788-527-1957
897,Kara,Benazet,kbenazetow@howstuffworks.com,kbenazetow,485-194-3252
898,Janeta,Antonin,jantoninox@shareasale.com,jantoninox,235-701-3534
899,Gwyneth,Simenon,gsimenonoy@soundcloud.com,gsimenonoy,451-984-5875
900,Stefan,Kupisz,skupiszoz@lulu.com,skupiszoz,898-180-2750
901,Vere,Vouls,vvoulsp0@buzzfeed.com,vvoulsp0,698-421-7701
902,Ami,Callar,acallarp1@dion.ne.jp,acallarp1,856-171-9718
903,Stanford,Vaar,svaarp2@house.gov,svaarp2,449-962-1382
904,Pip,Rowler,prowlerp3@unc.edu,prowlerp3,656-608-1907
905,Erna,Garrand,egarrandp4@miibeian.gov.cn,egarrandp4,251-980-4116
906,Asia,Sweetman,asweetmanp5@foxnews.com,asweetmanp5,830-514-5154
907,Rey,Leppington,rleppingtonp6@accuweather.com,rleppingtonp6,622-206-5683
908,Germaine,Karmel,gkarmelp7@technorati.com,gkarmelp7,900-114-4720
909,Marmaduke,McVeigh,mmcveighp8@list-manage.com,mmcveighp8,609-646-4245
910,Moise,Fillary,mfillaryp9@engadget.com,mfillaryp9,894-635-7219
911,Nils,Whitman,nwhitmanpa@cnbc.com,nwhitmanpa,119-698-8588
912,Robinet,Nickerson,rnickersonpb@twitter.com,rnickersonpb,740-243-9553
913,Marian,Bestar,mbestarpc@yale.edu,mbestarpc,111-674-0568
914,Jan,Yeabsley,jyeabsleypd@mozilla.com,jyeabsleypd,880-470-1992
915,Rivi,Robers,rroberspe@home.pl,rroberspe,975-348-0942
916,Hercule,Sesser,hsesserpf@arizona.edu,hsesserpf,532-419-4254
917,Maisie,Wort,mwortpg@harvard.edu,mwortpg,443-611-2611
918,Warren,Blant,wblantph@google.co.uk,wblantph,534-374-8160
919,Imojean,McKeggie,imckeggiepi@apache.org,imckeggiepi,585-377-4296
920,Wilhelmina,Rennebach,wrennebachpj@ebay.co.uk,wrennebachpj,434-783-1802
921,Clovis,Knoble,cknoblepk@digg.com,cknoblepk,991-747-4695
922,Wood,Steutly,wsteutlypl@salon.com,wsteutlypl,850-756-9583
923,Wyn,Jackling,wjacklingpm@vkontakte.ru,wjacklingpm,757-219-8867
924,Aldwin,Esson,aessonpn@so-net.ne.jp,aessonpn,108-555-1225
925,Frederique,Offell,foffellpo@lulu.com,foffellpo,419-710-0624
926,Amelina,Cleere,acleerepp@yellowpages.com,acleerepp,842-792-8446
927,Robbin,Dreus,rdreuspq@yelp.com,rdreuspq,870-962-4141
928,Margarita,Tessier,mtessierpr@last.fm,mtessierpr,349-420-4080
929,Gussie,Wileman,gwilemanps@npr.org,gwilemanps,806-686-5951
930,Melina,Lethardy,mlethardypt@bloomberg.com,mlethardypt,309-154-1531
931,Filmore,Pollak,fpollakpu@nasa.gov,fpollakpu,787-135-7936
932,Katrine,Heasly,kheaslypv@youku.com,kheaslypv,557-911-5741
933,Jacklyn,Brim,jbrimpw@indiatimes.com,jbrimpw,357-575-2912
934,Lyndel,Van Velden,lvanveldenpx@prlog.org,lvanveldenpx,104-366-3066
935,Reta,McCrae,rmccraepy@quantcast.com,rmccraepy,357-440-5851
936,Cybill,Courson,ccoursonpz@yellowpages.com,ccoursonpz,966-676-9064
937,Nollie,Demaid,ndemaidq0@ovh.net,ndemaidq0,611-880-7473
938,Tiffie,Sibley,tsibleyq1@macromedia.com,tsibleyq1,779-227-5589
939,Hersch,Bembrigg,hbembriggq2@apple.com,hbembriggq2,771-294-3116
940,Beaufort,Houndsom,bhoundsomq3@phpbb.com,bhoundsomq3,243-407-2905
941,Merry,O'Tierney,motierneyq4@economist.com,motierneyq4,912-742-1665
942,Forrest,Divers,fdiversq5@hexun.com,fdiversq5,435-344-7455
943,Albie,Kerbey,akerbeyq6@usa.gov,akerbeyq6,891-823-3542
944,Kathryn,Tregust,ktregustq7@technorati.com,ktregustq7,675-354-6785
945,Giuditta,Bauduin,gbauduinq8@europa.eu,gbauduinq8,686-618-2198
946,Teresita,Joderli,tjoderliq9@artisteer.com,tjoderliq9,893-836-8291
947,Emanuel,Robertot,erobertotqa@vkontakte.ru,erobertotqa,783-924-2433
948,Erminia,Hyman,ehymanqb@flavors.me,ehymanqb,221-330-4027
949,Hall,Marshalleck,hmarshalleckqc@ow.ly,hmarshalleckqc,529-834-0973
950,Sutton,McVanamy,smcvanamyqd@zdnet.com,smcvanamyqd,645-775-4074
951,Stevie,Barthelemy,sbarthelemyqe@webeden.co.uk,sbarthelemyqe,376-751-1582
952,Granville,Passler,gpasslerqf@jugem.jp,gpasslerqf,772-102-9943
953,Kathryn,Durrand,kdurrandqg@spiegel.de,kdurrandqg,299-478-9255
954,Dallis,Zanetto,dzanettoqh@indiatimes.com,dzanettoqh,548-574-1810
955,Val,Gabbitas,vgabbitasqi@blinklist.com,vgabbitasqi,725-985-6588
956,Gilburt,Reckhouse,greckhouseqj@tinypic.com,greckhouseqj,948-752-3802
957,Bernadene,Boldra,bboldraqk@indiatimes.com,bboldraqk,506-801-0091
958,Steven,Oxbrow,soxbrowql@reverbnation.com,soxbrowql,964-243-5122
959,Alexandr,Byford,abyfordqm@tiny.cc,abyfordqm,722-378-4557
960,Aveline,Isenor,aisenorqn@state.gov,aisenorqn,353-755-1102
961,Grethel,Gonzalez,ggonzalezqo@yellowpages.com,ggonzalezqo,844-123-1375
962,Nicolle,Goldster,ngoldsterqp@statcounter.com,ngoldsterqp,843-384-1048
963,Ken,Pabelik,kpabelikqq@live.com,kpabelikqq,210-732-1904
964,Ansel,Nussen,anussenqr@opensource.org,anussenqr,888-984-5652
965,Calv,Goold,cgooldqs@si.edu,cgooldqs,994-491-3581
966,Lanni,Mac Giolla Pheadair,lmacgiollapheadairqt@github.com,lmacgiollapheadairqt,349-642-6991
967,Huntington,Gittings,hgittingsqu@digg.com,hgittingsqu,766-280-3080
968,Violet,Maior,vmaiorqv@smugmug.com,vmaiorqv,208-570-7996
969,Colet,Oliphant,coliphantqw@newsvine.com,coliphantqw,572-212-5591
970,Wilden,Forlonge,wforlongeqx@flickr.com,wforlongeqx,624-752-3756
971,Fleurette,Schwartz,fschwartzqy@sogou.com,fschwartzqy,900-648-6242
972,Venus,Horley,vhorleyqz@imgur.com,vhorleyqz,978-203-9457
973,Maryellen,Worner,mwornerr0@twitpic.com,mwornerr0,423-849-9262
974,Idalia,Conradie,iconradier1@godaddy.com,iconradier1,252-541-2055
975,Darn,Harmond,dharmondr2@netvibes.com,dharmondr2,356-158-0487
976,Elga,Buscher,ebuscherr3@issuu.com,ebuscherr3,633-982-6194
977,Mort,Lambdon,mlambdonr4@businessweek.com,mlambdonr4,193-533-1708
978,Anetta,Peer,apeerr5@usgs.gov,apeerr5,353-443-2186
979,Nessa,Busch,nbuschr6@umn.edu,nbuschr6,317-890-2715
980,Lorena,Neads,lneadsr7@com.com,lneadsr7,709-836-4317
981,Joanne,Misson,jmissonr8@canalblog.com,jmissonr8,397-616-4854
982,Dinny,Burchmore,dburchmorer9@cnbc.com,dburchmorer9,649-541-5724
983,Cullin,Froom,cfroomra@ebay.co.uk,cfroomra,203-884-7480
984,Denny,Joubert,djoubertrb@symantec.com,djoubertrb,373-557-2637
985,Delano,Dillestone,ddillestonerc@elegantthemes.com,ddillestonerc,593-692-8217
986,Hersch,Illingworth,hillingworthrd@walmart.com,hillingworthrd,837-742-6922
987,Frants,Yoskowitz,fyoskowitzre@4shared.com,fyoskowitzre,138-890-3532
988,Barri,Assel,basselrf@google.cn,basselrf,751-774-2189
989,Cori,Gallant,cgallantrg@privacy.gov.au,cgallantrg,718-739-9765
990,Valle,Polding,vpoldingrh@netscape.com,vpoldingrh,255-979-2901
991,Orville,Learmont,olearmontri@1und1.de,olearmontri,701-878-3093
992,Lonnie,Becke,lbeckerj@examiner.com,lbeckerj,870-490-4047
993,Blair,Corrin,bcorrinrk@flavors.me,bcorrinrk,122-585-1162
994,Raynell,Buye,rbuyerl@multiply.com,rbuyerl,117-418-8457
995,Denna,Creagh,dcreaghrm@joomla.org,dcreaghrm,768-305-7736
996,Lesya,Winchcombe,lwinchcombern@booking.com,lwinchcombern,262-598-1934
997,Tanya,MacMenamy,tmacmenamyro@google.com,tmacmenamyro,759-971-1564
998,Annnora,Beaudry,abeaudryrp@linkedin.com,abeaudryrp,419-742-0787
999,Camila,Minchin,cminchinrq@tmall.com,cminchinrq,234-339-5001
1000,Cele,Proven,cprovenrr@tiny.cc,cprovenrr,224-720-7714